timestamp,school_period,student_count_estimated,co2_ppm,pm25_ugm3,temperature_c,humidity_pct,robot_x_pos,robot_y_pos,ventilation_decision,air_quality_label
2025-11-12 08:00:00,Morning Entry,11,442.1,5.16,21.0,45.0,2.0,4.0,IDLE,Good
2025-11-12 08:01:42,Morning Entry,6,444.6,5.08,21.0,44.8,2.2,4.0,IDLE,Good
2025-11-12 08:03:24,Morning Entry,11,466.9,5.93,21.0,44.7,2.7,3.8,IDLE,Good
2025-11-12 08:05:06,Morning Entry,6,483.6,5.49,21.0,44.6,2.7,3.8,IDLE,Good
2025-11-12 08:06:48,Morning Entry,16,520.6,6.25,21.0,44.7,3.2,3.9,IDLE,Good
2025-11-12 08:08:30,Morning Entry,6,518.8,6.59,21.0,44.6,3.7,3.6,IDLE,Good
2025-11-12 08:10:12,Morning Entry,19,553.0,7.09,21.0,44.9,3.7,3.6,IDLE,Good
2025-11-12 08:11:54,Morning Entry,16,584.2,7.23,21.0,44.9,3.8,3.4,IDLE,Good
2025-11-12 08:13:36,Morning Entry,11,589.0,6.74,21.0,44.9,3.9,3.0,IDLE,Good
2025-11-12 08:15:18,Morning Entry,5,575.0,7.11,20.9,44.8,4.0,3.1,IDLE,Good
2025-11-12 08:17:00,Morning Entry,11,600.3,7.01,20.9,44.8,3.8,2.7,IDLE,Good
2025-11-12 08:18:42,Morning Entry,11,606.6,7.35,20.9,44.9,4.0,2.5,IDLE,Good
2025-11-12 08:20:24,Morning Entry,16,629.7,8.17,20.9,45.0,3.9,2.1,IDLE,Good
2025-11-12 08:22:06,Morning Entry,7,607.2,8.39,20.9,44.8,4.0,2.0,IDLE,Good
2025-11-12 08:23:48,Morning Entry,10,598.3,8.51,20.9,44.7,3.9,1.8,IDLE,Good
2025-11-12 08:25:30,Morning Entry,5,587.5,8.88,20.8,44.5,3.5,1.4,IDLE,Good
2025-11-12 08:27:12,Morning Entry,6,569.6,8.86,20.8,44.4,3.2,1.2,IDLE,Good
2025-11-12 08:28:54,Morning Entry,11,574.6,9.33,20.8,44.5,3.1,1.1,IDLE,Good
2025-11-12 08:30:36,Morning Entry,5,566.4,8.64,20.8,44.4,2.7,0.7,IDLE,Good
2025-11-12 08:32:18,Morning Entry,14,582.7,8.94,20.8,44.4,2.6,0.9,IDLE,Good
2025-11-12 08:34:00,Morning Entry,19,624.0,8.84,20.8,44.6,2.1,0.4,IDLE,Good
2025-11-12 08:35:42,Morning Entry,14,637.3,9.1,20.8,44.7,2.1,0.4,IDLE,Good
2025-11-12 08:37:24,Morning Entry,16,654.0,9.29,20.8,44.8,1.6,0.2,IDLE,Good
2025-11-12 08:39:06,Morning Entry,6,621.3,9.39,20.8,44.7,1.2,0.3,IDLE,Good
2025-11-12 08:40:48,Morning Entry,12,632.5,9.02,20.8,44.7,1.2,0.0,IDLE,Good
2025-11-12 08:42:30,Morning Entry,8,629.2,8.94,20.8,44.5,1.0,0.2,IDLE,Good
2025-11-12 08:44:12,Morning Entry,9,636.3,9.01,20.8,44.5,0.5,0.0,IDLE,Good
2025-11-12 08:45:54,1st Period,23,664.7,9.67,20.8,44.8,0.4,0.0,IDLE,Good
2025-11-12 08:47:36,1st Period,27,711.9,9.56,20.8,45.1,0.0,0.2,MONITOR,Moderate
2025-11-12 08:49:18,1st Period,25,729.0,9.53,20.8,45.3,0.1,0.1,MONITOR,Moderate
2025-11-12 08:51:00,1st Period,25,741.4,9.53,20.8,45.5,0.0,0.0,MONITOR,Moderate
2025-11-12 08:52:42,1st Period,25,750.6,10.15,20.8,45.7,0.0,0.5,MONITOR,Moderate
2025-11-12 08:54:24,1st Period,22,770.1,10.04,20.8,45.9,0.0,0.5,MONITOR,Moderate
2025-11-12 08:56:06,1st Period,22,791.7,10.06,20.8,46.1,0.1,0.8,MONITOR,Moderate
2025-11-12 08:57:48,1st Period,22,814.4,10.17,20.8,46.3,0.2,0.9,MONITOR,Moderate
2025-11-12 08:59:30,1st Period,27,833.3,10.56,20.8,46.5,0.1,1.0,MONITOR,Moderate
2025-11-12 09:01:12,1st Period,26,852.9,11.15,20.8,46.7,0.4,1.4,MONITOR,Moderate
2025-11-12 09:02:54,1st Period,24,845.2,10.94,20.8,46.8,0.9,1.5,MONITOR,Moderate
2025-11-12 09:04:36,1st Period,23,840.5,11.17,20.8,46.9,1.1,1.7,MONITOR,Moderate
2025-11-12 09:06:18,1st Period,27,854.1,11.85,20.8,47.0,1.0,2.0,MONITOR,Moderate
2025-11-12 09:08:00,1st Period,26,857.3,11.29,20.8,47.1,1.7,2.1,MONITOR,Moderate
2025-11-12 09:09:42,1st Period,23,861.0,10.86,20.8,47.2,1.7,2.2,MONITOR,Moderate
2025-11-12 09:11:24,1st Period,24,859.8,11.09,20.8,47.3,2.1,2.7,MONITOR,Moderate
2025-11-12 09:13:06,1st Period,24,842.5,11.13,20.8,47.4,2.4,2.7,MONITOR,Moderate
2025-11-12 09:14:48,1st Period,25,851.4,11.55,20.8,47.7,2.4,3.0,MONITOR,Moderate
2025-11-12 09:16:30,1st Period,26,856.9,11.85,20.8,47.9,2.9,3.3,MONITOR,Moderate
2025-11-12 09:18:12,1st Period,24,855.6,11.48,20.8,48.0,3.2,3.6,MONITOR,Moderate
2025-11-12 09:19:54,1st Period,22,856.0,11.29,20.8,48.1,3.4,3.7,MONITOR,Moderate
2025-11-12 09:21:36,1st Period,24,857.4,11.14,20.8,48.2,3.6,3.6,MONITOR,Moderate
2025-11-12 09:23:18,1st Period,25,869.2,11.65,20.8,48.3,3.6,3.8,MONITOR,Moderate
2025-11-12 09:25:00,1st Period,27,881.3,12.02,20.8,48.4,3.8,4.0,MONITOR,Moderate
2025-11-12 09:26:42,1st Period,23,868.8,11.91,20.8,48.4,4.0,3.8,MONITOR,Moderate
2025-11-12 09:28:24,1st Period,22,845.4,11.94,20.8,48.4,4.0,4.0,MONITOR,Moderate
2025-11-12 09:30:06,1st Period,24,843.1,11.7,20.8,48.4,4.0,4.0,MONITOR,Moderate
2025-11-12 09:31:48,1st Period,27,837.7,11.81,20.8,48.4,3.8,4.0,MONITOR,Moderate
2025-11-12 09:33:30,1st Period,24,858.8,11.92,20.8,48.4,3.9,3.9,MONITOR,Moderate
2025-11-12 09:35:12,1st Period,23,862.7,11.94,20.8,48.4,3.5,3.9,MONITOR,Moderate
2025-11-12 09:36:54,1st Period,24,855.4,12.05,20.8,48.4,3.5,3.6,MONITOR,Moderate
2025-11-12 09:38:36,1st Period,23,862.9,12.27,20.8,48.4,3.3,3.5,MONITOR,Moderate
2025-11-12 09:40:18,1st Period,26,859.2,12.42,20.8,48.4,3.3,3.4,MONITOR,Moderate
2025-11-12 09:42:00,1st Period,26,875.2,12.86,20.8,48.6,2.8,3.1,MONITOR,Moderate
2025-11-12 09:43:42,1st Period,23,863.7,12.4,20.8,48.6,2.5,3.1,MONITOR,Moderate
2025-11-12 09:45:24,2nd Period,27,868.6,12.47,20.8,48.8,2.2,2.9,MONITOR,Moderate
2025-11-12 09:47:06,2nd Period,27,872.6,12.24,20.8,48.9,1.8,2.4,MONITOR,Moderate
2025-11-12 09:48:48,2nd Period,23,855.6,12.1,20.8,48.9,1.7,2.2,MONITOR,Moderate
2025-11-12 09:50:30,2nd Period,26,847.0,12.25,20.8,48.9,1.3,2.2,MONITOR,Moderate
2025-11-12 09:52:12,2nd Period,24,829.1,12.7,20.8,48.8,1.2,1.9,MONITOR,Moderate
2025-11-12 09:53:54,2nd Period,25,835.1,12.97,20.8,48.9,0.9,1.6,MONITOR,Moderate
2025-11-12 09:55:36,2nd Period,25,841.0,12.43,20.8,48.9,0.8,1.4,MONITOR,Moderate
2025-11-12 09:57:18,2nd Period,26,847.1,12.34,20.8,48.9,0.5,1.2,MONITOR,Moderate
2025-11-12 09:59:00,2nd Period,25,870.8,12.16,20.8,48.9,0.2,1.1,MONITOR,Moderate
2025-11-12 10:00:42,2nd Period,22,883.8,12.02,20.8,48.9,0.1,0.6,MONITOR,Moderate
2025-11-12 10:02:24,2nd Period,23,875.3,11.54,20.8,48.9,0.0,0.6,MONITOR,Moderate
2025-11-12 10:04:06,2nd Period,25,881.8,12.22,20.8,48.9,0.1,0.5,MONITOR,Moderate
2025-11-12 10:05:48,2nd Period,24,891.9,12.33,20.8,48.9,0.0,0.3,MONITOR,Moderate
2025-11-12 10:07:30,2nd Period,27,893.0,12.45,20.8,49.0,0.0,0.1,MONITOR,Moderate
2025-11-12 10:09:12,2nd Period,27,889.2,12.31,20.8,49.0,0.1,0.1,MONITOR,Moderate
2025-11-12 10:10:54,2nd Period,26,879.0,12.71,20.8,49.1,0.3,0.1,MONITOR,Moderate
2025-11-12 10:12:36,2nd Period,24,875.6,12.43,20.8,49.1,0.5,0.0,MONITOR,Moderate
2025-11-12 10:14:18,2nd Period,23,868.8,12.39,20.8,49.1,0.8,0.1,MONITOR,Moderate
2025-11-12 10:16:00,2nd Period,25,875.1,12.83,20.8,49.2,0.9,0.0,MONITOR,Moderate
2025-11-12 10:17:42,2nd Period,27,859.3,13.01,20.8,49.3,1.1,0.1,MONITOR,Moderate
2025-11-12 10:19:24,2nd Period,22,836.9,12.65,20.8,49.3,1.7,0.2,MONITOR,Moderate
2025-11-12 10:21:06,2nd Period,23,844.0,13.11,20.8,49.3,1.8,0.3,MONITOR,Moderate
2025-11-12 10:22:48,2nd Period,24,857.0,12.97,20.8,49.4,2.3,0.4,MONITOR,Moderate
2025-11-12 10:24:30,2nd Period,25,865.6,13.83,20.8,49.4,2.3,0.4,MONITOR,Moderate
2025-11-12 10:26:12,2nd Period,25,854.9,14.22,20.8,49.5,2.5,0.7,MONITOR,Moderate
2025-11-12 10:27:54,2nd Period,27,866.4,14.5,20.8,49.6,3.0,0.7,MONITOR,Moderate
2025-11-12 10:29:36,2nd Period,27,883.5,14.16,20.8,49.6,3.4,1.3,MONITOR,Moderate
2025-11-12 10:31:18,Break,1,816.3,12.92,20.8,49.1,3.3,1.2,MONITOR,Moderate
2025-11-12 10:33:00,Break,4,780.9,12.58,20.8,48.7,3.5,1.7,MONITOR,Moderate
2025-11-12 10:34:42,Break,4,716.8,12.02,20.7,48.4,3.7,1.9,MONITOR,Moderate
2025-11-12 10:36:24,Break,1,669.8,11.15,20.7,48.0,4.0,2.0,IDLE,Good
2025-11-12 10:38:06,Break,2,630.0,10.33,20.7,47.6,4.0,2.4,IDLE,Good
2025-11-12 10:39:48,Break,4,602.2,10.16,20.7,47.4,4.0,2.6,IDLE,Good
2025-11-12 10:41:30,Break,0,559.6,10.37,20.6,47.0,3.9,2.8,IDLE,Good
2025-11-12 10:43:12,Break,0,537.5,9.32,20.6,46.6,4.0,3.1,IDLE,Good
2025-11-12 10:44:54,Break,1,526.5,8.9,20.5,46.3,3.7,3.2,IDLE,Good
2025-11-12 10:46:36,3rd Period,25,587.6,8.75,20.5,46.5,3.6,3.4,IDLE,Good
2025-11-12 10:48:18,3rd Period,23,607.4,9.75,20.5,46.7,3.4,3.6,IDLE,Good
2025-11-12 10:50:00,3rd Period,23,646.6,10.19,20.5,46.8,3.2,3.7,IDLE,Good
2025-11-12 10:51:42,3rd Period,22,670.9,11.04,20.5,46.8,3.1,4.0,IDLE,Good
2025-11-12 10:53:24,3rd Period,24,696.3,11.39,20.5,47.0,2.9,3.8,IDLE,Good
2025-11-12 10:55:06,3rd Period,24,720.7,11.51,20.5,47.2,2.7,4.0,MONITOR,Moderate
2025-11-12 10:56:48,3rd Period,27,739.1,11.68,20.5,47.4,2.1,4.0,MONITOR,Moderate
2025-11-12 10:58:30,3rd Period,25,746.3,12.0,20.5,47.6,1.8,4.0,MONITOR,Moderate
2025-11-12 11:00:12,3rd Period,27,760.7,12.0,20.5,47.8,1.5,3.8,MONITOR,Moderate
2025-11-12 11:01:54,3rd Period,27,787.8,11.99,20.5,48.0,1.4,4.0,MONITOR,Moderate
2025-11-12 11:03:36,3rd Period,27,799.5,12.1,20.5,48.2,1.1,3.9,MONITOR,Moderate
2025-11-12 11:05:18,3rd Period,25,801.3,12.18,20.5,48.3,0.5,3.8,MONITOR,Moderate
2025-11-12 11:07:00,3rd Period,27,803.5,12.06,20.5,48.4,0.4,3.7,MONITOR,Moderate
2025-11-12 11:08:42,3rd Period,26,810.0,12.61,20.5,48.5,0.3,3.4,MONITOR,Moderate
2025-11-12 11:10:24,3rd Period,26,804.7,12.88,20.5,48.5,0.2,3.3,MONITOR,Moderate
2025-11-12 11:12:06,3rd Period,26,813.4,12.52,20.5,48.6,0.1,3.1,MONITOR,Moderate
2025-11-12 11:13:48,3rd Period,25,816.7,12.39,20.5,48.7,0.1,2.9,MONITOR,Moderate
2025-11-12 11:15:30,3rd Period,22,814.6,12.54,20.5,48.7,0.0,2.7,MONITOR,Moderate
2025-11-12 11:17:12,3rd Period,24,828.6,12.33,20.5,48.8,0.0,2.4,MONITOR,Moderate
2025-11-12 11:18:54,3rd Period,22,822.0,12.19,20.5,48.8,0.3,2.2,MONITOR,Moderate
2025-11-12 11:20:36,3rd Period,23,804.3,12.23,20.5,48.8,0.2,1.9,MONITOR,Moderate
2025-11-12 11:22:18,3rd Period,27,829.9,12.82,20.5,48.9,0.3,1.5,MONITOR,Moderate
2025-11-12 11:24:00,3rd Period,26,826.7,13.06,20.5,49.0,0.3,1.5,MONITOR,Moderate
2025-11-12 11:25:42,3rd Period,22,824.4,12.68,20.5,49.0,0.7,1.1,MONITOR,Moderate
2025-11-12 11:27:24,3rd Period,22,826.5,12.68,20.5,49.0,1.0,1.1,MONITOR,Moderate
2025-11-12 11:29:06,3rd Period,25,836.9,12.42,20.5,49.0,1.3,0.8,MONITOR,Moderate
2025-11-12 11:30:48,3rd Period,23,847.8,12.59,20.5,49.1,1.6,0.6,MONITOR,Moderate
2025-11-12 11:32:30,3rd Period,26,850.9,12.23,20.5,49.2,2.0,0.4,MONITOR,Moderate
2025-11-12 11:34:12,3rd Period,24,841.0,11.7,20.5,49.2,2.1,0.2,MONITOR,Moderate
2025-11-12 11:35:54,3rd Period,25,858.8,11.83,20.5,49.2,2.5,0.2,MONITOR,Moderate
2025-11-12 11:37:36,3rd Period,23,854.1,11.52,20.5,49.3,2.6,0.1,MONITOR,Moderate
2025-11-12 11:39:18,3rd Period,22,848.9,11.3,20.5,49.3,2.9,0.1,MONITOR,Moderate
2025-11-12 11:41:00,3rd Period,26,856.8,12.11,20.5,49.4,3.1,0.0,MONITOR,Moderate
2025-11-12 11:42:42,3rd Period,22,848.9,12.29,20.5,49.4,3.4,0.0,MONITOR,Moderate
2025-11-12 11:44:24,3rd Period,26,869.8,12.12,20.5,49.5,3.8,0.0,MONITOR,Moderate
2025-11-12 11:46:06,4th Period,23,877.7,12.04,20.5,49.4,3.9,0.1,MONITOR,Moderate
2025-11-12 11:47:48,4th Period,26,875.8,11.97,20.5,49.4,3.8,0.0,MONITOR,Moderate
2025-11-12 11:49:30,4th Period,23,868.0,12.09,20.5,49.4,4.0,0.3,MONITOR,Moderate
2025-11-12 11:51:12,4th Period,23,866.3,12.15,20.5,49.4,4.0,0.6,MONITOR,Moderate
2025-11-12 11:52:54,4th Period,25,877.8,12.48,20.5,49.4,3.8,0.5,MONITOR,Moderate
2025-11-12 11:54:36,4th Period,25,888.4,12.62,20.5,49.4,4.0,0.5,MONITOR,Moderate
2025-11-12 11:56:18,4th Period,26,882.9,12.36,20.5,49.5,3.8,1.0,MONITOR,Moderate
2025-11-12 11:58:00,4th Period,26,886.3,12.57,20.5,49.6,3.7,1.1,MONITOR,Moderate
2025-11-12 11:59:42,4th Period,27,884.7,12.58,20.5,49.7,3.5,1.3,MONITOR,Moderate
2025-11-12 12:01:24,4th Period,22,872.2,12.4,20.5,49.6,3.2,1.5,MONITOR,Moderate
2025-11-12 12:03:06,4th Period,25,866.5,12.42,20.5,49.6,3.2,1.8,MONITOR,Moderate
2025-11-12 12:04:48,4th Period,21,856.0,12.51,20.5,49.6,2.5,2.1,MONITOR,Moderate
2025-11-12 12:06:30,4th Period,21,861.4,12.69,20.5,49.5,2.5,2.2,MONITOR,Moderate
2025-11-12 12:08:12,4th Period,27,868.4,12.83,20.5,49.5,2.0,2.2,MONITOR,Moderate
2025-11-12 12:09:54,4th Period,27,877.0,12.3,20.5,49.5,1.8,2.7,MONITOR,Moderate
2025-11-12 12:11:36,4th Period,20,870.8,11.99,20.5,49.4,1.6,3.0,MONITOR,Moderate
2025-11-12 12:13:18,4th Period,21,864.8,12.07,20.5,49.4,1.2,3.2,MONITOR,Moderate
2025-11-12 12:15:00,4th Period,23,864.1,12.42,20.5,49.4,1.1,3.3,MONITOR,Moderate
2025-11-12 12:16:42,4th Period,22,865.5,12.68,20.5,49.3,0.8,3.3,MONITOR,Moderate
2025-11-12 12:18:24,4th Period,25,870.8,12.51,20.5,49.3,0.6,3.7,MONITOR,Moderate
2025-11-12 12:20:06,4th Period,20,885.0,12.07,20.5,49.3,0.1,3.8,MONITOR,Moderate
2025-11-12 12:21:48,4th Period,20,872.9,12.65,20.5,49.3,0.0,3.7,MONITOR,Moderate
2025-11-12 12:23:30,4th Period,21,863.3,12.8,20.5,49.2,0.1,3.7,MONITOR,Moderate
2025-11-12 12:25:12,4th Period,24,853.2,12.51,20.5,49.2,0.0,4.0,MONITOR,Moderate
2025-11-12 12:26:54,4th Period,22,854.1,12.28,20.5,49.2,0.0,4.0,MONITOR,Moderate
2025-11-12 12:28:36,4th Period,24,857.0,12.17,20.5,49.2,0.1,4.0,MONITOR,Moderate
2025-11-12 12:30:18,4th Period,21,857.1,11.76,20.5,49.1,0.1,3.7,MONITOR,Moderate
2025-11-12 12:32:00,4th Period,24,851.7,11.98,20.5,49.1,0.1,4.0,MONITOR,Moderate
2025-11-12 12:33:42,4th Period,24,848.6,12.34,20.5,49.1,0.2,3.6,MONITOR,Moderate
2025-11-12 12:35:24,4th Period,26,860.8,12.58,20.5,49.2,0.6,3.7,MONITOR,Moderate
2025-11-12 12:37:06,4th Period,26,870.5,12.07,20.5,49.4,0.7,3.5,MONITOR,Moderate
2025-11-12 12:38:48,4th Period,21,851.3,11.85,20.5,49.4,1.0,3.4,MONITOR,Moderate
2025-11-12 12:40:30,4th Period,24,844.0,11.79,20.5,49.5,1.3,3.1,MONITOR,Moderate
2025-11-12 12:42:12,4th Period,27,850.1,11.39,20.5,49.5,1.5,3.0,MONITOR,Moderate
2025-11-12 12:43:54,4th Period,24,850.9,11.25,20.5,49.5,1.7,2.7,MONITOR,Moderate
2025-11-12 12:45:36,Lunch Break,6,808.0,11.4,20.5,49.1,2.2,2.4,MONITOR,Moderate
2025-11-12 12:47:18,Lunch Break,3,754.0,11.24,20.5,48.7,2.4,2.3,MONITOR,Moderate
2025-11-12 12:49:00,Lunch Break,3,701.9,10.6,20.5,48.3,2.8,2.2,MONITOR,Moderate
2025-11-12 12:50:42,Lunch Break,7,674.7,10.82,20.5,48.0,3.0,1.8,IDLE,Good
2025-11-12 12:52:24,Lunch Break,6,644.2,10.23,20.5,47.8,3.2,1.5,IDLE,Good
2025-11-12 12:54:06,Lunch Break,3,619.8,10.01,20.5,47.4,3.5,1.5,IDLE,Good
2025-11-12 12:55:48,Lunch Break,3,604.9,9.72,20.5,47.1,3.6,1.1,IDLE,Good
2025-11-12 12:57:30,Lunch Break,1,596.0,9.51,20.5,46.9,3.7,1.0,IDLE,Good
2025-11-12 12:59:12,Lunch Break,1,570.1,9.5,20.5,46.6,4.0,0.7,IDLE,Good
2025-11-12 13:00:54,5th Period,19,605.1,9.32,20.5,46.7,4.0,0.6,IDLE,Good
2025-11-12 13:02:36,5th Period,23,629.1,9.71,20.5,46.8,4.0,0.2,IDLE,Good
2025-11-12 13:04:18,5th Period,21,663.1,10.3,20.5,46.9,3.9,0.4,IDLE,Good
2025-11-12 13:06:00,5th Period,19,687.1,10.53,20.5,46.8,3.9,0.2,IDLE,Good
2025-11-12 13:07:42,5th Period,20,697.2,10.6,20.5,46.8,3.9,0.0,IDLE,Good
2025-11-12 13:09:24,5th Period,21,705.9,10.6,20.5,46.9,3.5,0.2,MONITOR,Moderate
2025-11-12 13:11:06,5th Period,22,729.4,11.15,20.5,47.0,3.3,0.0,MONITOR,Moderate
2025-11-12 13:12:48,5th Period,24,743.5,11.4,20.5,47.1,3.3,0.1,MONITOR,Moderate
2025-11-12 13:14:30,5th Period,24,744.3,11.86,20.5,47.2,2.9,0.1,MONITOR,Moderate
2025-11-12 13:16:12,5th Period,20,742.0,11.95,20.5,47.2,2.9,0.0,MONITOR,Moderate
2025-11-12 13:17:54,5th Period,24,751.7,12.46,20.5,47.3,2.6,0.1,MONITOR,Moderate
2025-11-12 13:19:36,5th Period,19,742.7,12.04,20.5,47.3,2.3,0.6,MONITOR,Moderate
2025-11-12 13:21:18,5th Period,24,758.1,11.75,20.5,47.5,2.0,0.2,MONITOR,Moderate
2025-11-12 13:23:00,5th Period,20,759.4,11.84,20.5,47.5,1.7,0.6,MONITOR,Moderate
2025-11-12 13:24:42,5th Period,25,774.5,12.24,20.5,47.7,1.3,0.9,MONITOR,Moderate
2025-11-12 13:26:24,5th Period,21,773.1,11.77,20.5,47.7,1.1,0.9,MONITOR,Moderate
2025-11-12 13:28:06,5th Period,25,795.0,11.67,20.5,47.8,0.9,1.4,MONITOR,Moderate
2025-11-12 13:29:48,5th Period,19,790.6,11.3,20.5,47.8,0.6,1.3,MONITOR,Moderate
2025-11-12 13:31:30,5th Period,19,798.9,11.48,20.5,47.7,0.3,1.6,MONITOR,Moderate
2025-11-12 13:33:12,5th Period,23,796.8,12.02,20.5,47.7,0.3,1.9,MONITOR,Moderate
2025-11-12 13:34:54,5th Period,20,806.0,11.85,20.5,47.8,0.1,2.2,MONITOR,Moderate
2025-11-12 13:36:36,5th Period,19,798.0,11.64,20.5,47.8,0.0,2.2,MONITOR,Moderate
2025-11-12 13:38:18,5th Period,18,783.9,11.7,20.5,47.7,0.2,2.6,MONITOR,Moderate
2025-11-12 13:40:00,5th Period,19,785.5,11.83,20.5,47.6,0.1,2.9,MONITOR,Moderate
2025-11-12 13:41:42,5th Period,23,791.6,11.82,20.5,47.7,0.4,3.1,MONITOR,Moderate
2025-11-12 13:43:24,5th Period,25,801.8,11.92,20.5,47.8,0.4,3.2,MONITOR,Moderate
2025-11-12 13:45:06,5th Period,19,805.4,12.17,20.5,47.8,0.2,3.5,MONITOR,Moderate
2025-11-12 13:46:48,5th Period,25,817.4,11.54,20.5,47.9,0.6,3.9,MONITOR,Moderate
2025-11-12 13:48:30,5th Period,21,800.7,11.08,20.5,48.0,0.5,3.7,MONITOR,Moderate
2025-11-12 13:50:12,5th Period,23,805.5,11.07,20.5,48.2,1.0,3.8,MONITOR,Moderate
2025-11-12 13:51:54,5th Period,21,823.4,10.45,20.5,48.2,1.2,4.0,MONITOR,Moderate
2025-11-12 13:53:36,5th Period,22,823.9,10.57,20.5,48.2,1.6,4.0,MONITOR,Moderate
2025-11-12 13:55:18,5th Period,20,829.0,10.71,20.5,48.2,2.0,4.0,MONITOR,Moderate
2025-11-12 13:57:00,5th Period,20,807.8,10.82,20.5,48.1,2.2,4.0,MONITOR,Moderate
2025-11-12 13:58:42,5th Period,24,819.6,10.99,20.5,48.0,2.4,4.0,MONITOR,Moderate
2025-11-12 14:00:24,End of Day,9,783.6,10.6,20.5,47.8,2.7,3.9,MONITOR,Moderate
2025-11-12 14:02:06,End of Day,6,754.0,10.63,20.5,47.6,2.9,3.8,MONITOR,Moderate
2025-11-12 14:03:48,End of Day,5,724.1,10.1,20.5,47.2,3.3,3.6,MONITOR,Moderate
2025-11-12 14:05:30,End of Day,0,678.1,8.88,20.5,46.9,3.6,3.8,IDLE,Good
2025-11-12 14:07:12,End of Day,4,653.5,8.72,20.5,46.7,3.7,3.5,IDLE,Good
2025-11-12 14:08:54,End of Day,7,625.6,8.48,20.5,46.5,3.8,3.3,IDLE,Good
2025-11-12 14:10:36,End of Day,5,604.4,7.88,20.5,46.3,3.8,3.1,IDLE,Good
2025-11-12 14:12:18,End of Day,9,598.2,8.17,20.5,46.2,4.0,3.0,IDLE,Good
2025-11-12 14:14:00,End of Day,4,589.2,8.49,20.5,45.9,4.0,2.7,IDLE,Good
2025-11-12 14:15:42,End of Day,8,589.4,8.09,20.5,45.8,3.9,2.5,IDLE,Good
2025-11-12 14:17:24,End of Day,6,569.6,7.92,20.5,45.7,4.0,2.2,IDLE,Good
2025-11-12 14:19:06,End of Day,5,561.2,7.75,20.5,45.5,3.9,2.1,IDLE,Good
2025-11-12 14:20:48,End of Day,4,558.0,7.73,20.5,45.3,3.6,1.6,IDLE,Good
2025-11-12 14:22:30,End of Day,7,548.7,7.95,20.5,45.1,3.4,1.4,IDLE,Good
2025-11-12 14:24:12,End of Day,3,529.2,7.49,20.5,44.8,3.2,1.2,IDLE,Good
2025-11-12 14:25:54,End of Day,6,522.2,7.3,20.5,44.6,3.1,0.9,IDLE,Good
2025-11-12 14:27:36,End of Day,6,529.2,6.83,20.5,44.6,2.8,0.8,IDLE,Good
2025-11-12 14:29:18,End of Day,7,522.3,7.64,20.5,44.5,2.2,0.7,IDLE,Good
2025-11-12 14:31:00,End of Day,2,509.9,7.4,20.5,44.3,2.1,0.3,IDLE,Good
2025-11-12 14:32:42,End of Day,4,500.6,7.04,20.5,44.2,1.8,0.3,IDLE,Good
2025-11-12 14:34:24,End of Day,0,480.0,6.93,20.5,44.1,1.6,0.3,IDLE,Good
2025-11-12 14:36:06,End of Day,1,463.5,6.95,20.5,44.0,1.2,0.1,IDLE,Good
2025-11-12 14:37:48,End of Day,0,464.5,6.39,20.5,43.8,1.0,0.1,IDLE,Good
2025-11-12 14:39:30,End of Day,0,447.0,6.33,20.5,43.6,0.8,0.0,IDLE,Good
2025-11-12 14:41:12,End of Day,0,432.2,6.08,20.5,43.5,0.4,0.0,IDLE,Good
2025-11-12 14:42:54,End of Day,3,449.0,5.62,20.5,43.3,0.2,0.0,IDLE,Good
2025-11-12 14:44:36,End of Day,8,460.1,5.38,20.5,43.3,0.0,0.2,IDLE,Good
2025-11-12 14:46:18,End of Day,2,452.0,4.85,20.5,43.2,0.0,0.3,IDLE,Good
2025-11-12 14:48:00,End of Day,0,449.6,4.8,20.5,43.0,0.1,0.2,IDLE,Good
2025-11-12 14:49:42,End of Day,6,464.2,5.39,20.5,43.0,0.0,0.3,IDLE,Good
2025-11-12 14:51:24,End of Day,4,476.6,5.41,20.5,42.9,0.1,0.4,IDLE,Good
2025-11-12 14:53:06,End of Day,9,481.2,6.18,20.5,42.9,0.2,0.6,IDLE,Good
2025-11-12 14:54:48,End of Day,7,489.8,6.56,20.5,42.9,0.2,0.9,IDLE,Good
2025-11-12 14:56:30,End of Day,7,502.3,6.6,20.5,42.9,0.4,1.0,IDLE,Good
2025-11-12 14:58:12,End of Day,6,510.2,6.57,20.5,42.9,0.6,1.4,IDLE,Good
2025-11-12 14:59:54,End of Day,3,501.8,6.54,20.5,42.8,0.8,1.6,IDLE,Good
2025-11-12 15:01:36,End of Day,2,482.4,6.39,20.5,42.8,1.2,1.8,IDLE,Good
2025-11-12 15:03:18,End of Day,6,499.6,6.77,20.5,42.8,1.4,2.0,IDLE,Good
2025-11-12 15:05:00,End of Day,7,509.7,7.14,20.5,42.8,1.6,2.4,IDLE,Good
2025-11-12 15:06:42,End of Day,6,496.3,6.87,20.5,42.6,1.9,2.4,IDLE,Good
2025-11-12 15:08:24,End of Day,6,492.4,6.84,20.5,42.5,2.1,2.7,IDLE,Good
2025-11-12 15:10:06,End of Day,1,490.6,6.39,20.5,42.5,2.5,3.0,IDLE,Good
2025-11-12 15:11:48,End of Day,0,469.9,6.17,20.5,42.3,2.7,3.1,IDLE,Good
2025-11-12 15:13:30,End of Day,2,470.9,6.12,20.5,42.2,3.1,3.5,IDLE,Good
2025-11-12 15:15:12,End of Day,4,484.5,6.01,20.5,42.1,3.2,3.5,IDLE,Good
2025-11-12 15:16:54,End of Day,3,500.6,5.13,20.5,42.0,3.7,3.7,IDLE,Good
2025-11-12 15:18:36,End of Day,7,511.7,5.54,20.5,42.1,3.8,3.7,IDLE,Good
2025-11-12 15:20:18,End of Day,1,506.3,5.22,20.5,42.1,3.9,4.0,IDLE,Good
2025-11-12 15:22:00,End of Day,9,508.5,5.64,20.5,42.2,3.9,3.7,IDLE,Good
2025-11-12 15:23:42,End of Day,8,529.7,5.81,20.5,42.2,4.0,4.0,IDLE,Good
2025-11-12 15:25:24,End of Day,9,532.9,6.26,20.5,42.3,4.0,4.0,IDLE,Good
2025-11-12 15:27:06,End of Day,4,540.9,6.26,20.5,42.3,4.0,4.0,IDLE,Good
2025-11-12 15:28:48,End of Day,1,524.5,6.37,20.5,42.2,3.8,3.9,IDLE,Good
2025-11-12 15:30:30,End of Day,5,530.9,5.95,20.5,42.2,3.8,3.9,IDLE,Good
2025-11-12 15:32:12,End of Day,9,532.0,6.17,20.5,42.3,3.8,3.7,IDLE,Good
2025-11-12 15:33:54,End of Day,6,540.1,6.7,20.5,42.2,3.5,3.7,IDLE,Good
2025-11-12 15:35:36,End of Day,8,536.9,6.77,20.5,42.3,3.2,3.4,IDLE,Good
2025-11-12 15:37:18,End of Day,7,536.9,7.08,20.5,42.3,3.1,3.3,IDLE,Good
2025-11-12 15:39:00,End of Day,5,535.8,7.29,20.5,42.2,2.6,3.2,IDLE,Good
2025-11-12 15:40:42,End of Day,3,524.3,7.46,20.5,42.2,2.2,2.8,IDLE,Good
2025-11-12 15:42:24,End of Day,9,519.7,7.29,20.5,42.3,2.2,2.8,IDLE,Good
2025-11-12 15:44:06,End of Day,7,535.2,7.04,20.5,42.4,1.7,2.4,IDLE,Good
2025-11-12 15:45:48,End of Day,9,516.1,6.77,20.5,42.4,1.5,2.1,IDLE,Good
2025-11-12 15:47:30,End of Day,7,531.5,6.68,20.5,42.5,1.2,1.8,IDLE,Good
2025-11-12 15:49:12,End of Day,6,536.9,6.24,20.5,42.6,1.1,1.7,IDLE,Good
2025-11-12 15:50:54,End of Day,6,533.7,5.93,20.5,42.6,0.7,1.6,IDLE,Good
2025-11-12 15:52:36,End of Day,2,516.5,5.83,20.5,42.4,0.2,1.2,IDLE,Good
2025-11-12 15:54:18,End of Day,7,539.9,6.27,20.5,42.4,0.3,1.1,IDLE,Good
2025-11-12 15:56:00,End of Day,9,556.9,6.74,20.5,42.4,0.1,0.9,IDLE,Good
2025-11-12 15:57:42,End of Day,8,566.7,6.28,20.5,42.4,0.1,0.6,IDLE,Good
2025-11-12 15:59:24,End of Day,8,571.9,6.12,20.5,42.4,0.1,0.6,IDLE,Good
2025-11-12 16:01:06,End of Day,0,553.9,6.1,20.5,42.2,0.1,0.1,IDLE,Good
2025-11-12 16:02:48,End of Day,6,539.3,6.78,20.5,42.2,0.2,0.4,IDLE,Good
2025-11-12 16:04:30,End of Day,2,531.3,6.62,20.5,42.2,0.1,0.3,IDLE,Good
2025-11-12 16:06:12,End of Day,5,520.4,6.55,20.5,42.2,0.3,0.0,IDLE,Good
2025-11-12 16:07:54,End of Day,0,499.8,6.64,20.5,42.1,0.4,0.1,IDLE,Good
2025-11-12 16:09:36,End of Day,2,482.0,6.4,20.5,42.1,0.8,0.0,IDLE,Good
2025-11-12 16:11:18,End of Day,9,494.4,6.03,20.5,42.2,0.8,0.1,IDLE,Good
2025-11-12 16:13:00,End of Day,9,504.1,6.45,20.5,42.2,1.3,0.1,IDLE,Good
2025-11-12 16:14:42,End of Day,8,504.9,6.69,20.5,42.3,1.2,0.1,IDLE,Good
2025-11-12 16:16:24,End of Day,2,499.8,6.74,20.5,42.3,1.6,0.3,IDLE,Good
2025-11-12 16:18:06,End of Day,5,497.0,6.59,20.5,42.3,1.9,0.4,IDLE,Good
2025-11-12 16:19:48,End of Day,7,496.3,6.57,20.5,42.3,2.1,0.6,IDLE,Good
2025-11-12 16:21:30,End of Day,7,507.7,6.64,20.5,42.3,2.6,0.7,IDLE,Good
2025-11-12 16:23:12,End of Day,3,504.4,6.6,20.5,42.3,3.0,0.8,IDLE,Good
2025-11-12 16:24:54,End of Day,1,508.5,6.17,20.5,42.2,3.0,1.2,IDLE,Good
2025-11-12 16:26:36,End of Day,8,513.1,6.26,20.5,42.2,3.3,1.2,IDLE,Good
2025-11-12 16:28:18,End of Day,4,517.9,6.03,20.5,42.2,3.6,1.5,IDLE,Good
2025-11-12 16:30:00,End of Day,9,530.1,6.26,20.5,42.3,3.5,1.8,IDLE,Good
2025-11-12 16:31:42,End of Day,5,523.5,6.52,20.5,42.3,4.0,2.0,IDLE,Good
2025-11-12 16:33:24,End of Day,9,531.4,6.91,20.5,42.4,4.0,2.2,IDLE,Good
2025-11-12 16:35:06,End of Day,8,533.4,6.86,20.5,42.4,3.8,2.5,IDLE,Good
2025-11-12 16:36:48,End of Day,2,517.7,6.36,20.5,42.3,4.0,2.7,IDLE,Good
2025-11-12 16:38:30,End of Day,0,513.9,6.13,20.5,42.2,4.0,2.9,IDLE,Good
2025-11-12 16:40:12,End of Day,6,507.4,5.72,20.5,42.1,3.9,3.0,IDLE,Good
2025-11-12 16:41:54,End of Day,8,517.0,5.87,20.5,42.1,3.7,3.3,IDLE,Good
2025-11-12 16:43:36,End of Day,0,509.1,4.95,20.5,42.1,3.5,3.7,IDLE,Good
2025-11-12 16:45:18,End of Day,3,511.2,4.73,20.5,42.1,3.4,3.6,IDLE,Good
2025-11-12 16:47:00,End of Day,0,486.1,4.49,20.4,42.0,3.1,3.6,IDLE,Good
2025-11-12 16:48:42,End of Day,4,483.8,4.4,20.4,42.0,2.9,3.8,IDLE,Good
2025-11-12 16:50:24,End of Day,4,488.3,5.38,20.4,42.0,2.6,4.0,IDLE,Good
2025-11-12 16:52:06,End of Day,7,501.0,5.42,20.4,42.0,2.2,3.9,IDLE,Good
2025-11-12 16:53:48,End of Day,2,500.8,5.73,20.4,41.9,2.2,3.9,IDLE,Good
2025-11-12 16:55:30,End of Day,0,477.2,5.57,20.4,41.8,1.7,4.0,IDLE,Good
2025-11-12 16:57:12,End of Day,3,477.1,5.8,20.4,41.8,1.6,4.0,IDLE,Good
2025-11-12 16:58:54,End of Day,6,480.0,6.06,20.4,41.9,1.3,3.9,IDLE,Good
2025-11-12 17:00:36,End of Day,3,472.1,6.43,20.4,41.7,0.9,3.9,IDLE,Good
2025-11-12 17:02:18,End of Day,2,464.2,6.63,20.4,41.6,0.7,3.6,IDLE,Good
2025-11-12 17:04:00,End of Day,9,488.1,6.82,20.4,41.6,0.7,3.7,IDLE,Good
2025-11-12 17:05:42,End of Day,4,491.5,6.13,20.4,41.6,0.3,3.3,IDLE,Good
2025-11-12 17:07:24,End of Day,5,500.9,6.41,20.4,41.6,0.2,3.2,IDLE,Good
2025-11-12 17:09:06,End of Day,5,500.1,6.56,20.4,41.6,0.0,2.9,IDLE,Good
2025-11-12 17:10:48,End of Day,9,516.2,6.48,20.4,41.7,0.0,2.6,IDLE,Good
2025-11-12 17:12:30,End of Day,7,524.9,6.09,20.4,41.9,0.0,2.4,IDLE,Good
2025-11-12 17:14:12,End of Day,5,518.9,5.76,20.4,41.9,0.0,2.3,IDLE,Good
2025-11-12 17:15:54,End of Day,4,514.7,5.89,20.4,41.9,0.3,2.1,IDLE,Good
2025-11-12 17:17:36,End of Day,8,515.1,6.42,20.4,41.9,0.2,2.0,IDLE,Good
2025-11-12 17:19:18,End of Day,0,497.3,6.7,20.4,41.8,0.4,1.5,IDLE,Good
2025-11-12 17:21:00,End of Day,5,499.5,5.78,20.4,41.8,0.7,1.2,IDLE,Good
2025-11-12 17:22:42,End of Day,4,490.7,5.26,20.4,41.7,0.9,1.2,IDLE,Good
2025-11-12 17:24:24,End of Day,8,496.5,5.43,20.4,41.7,1.2,0.8,IDLE,Good
2025-11-12 17:26:06,End of Day,9,521.1,5.54,20.4,41.7,1.4,0.7,IDLE,Good
2025-11-12 17:27:48,End of Day,8,530.9,4.86,20.4,41.8,1.6,0.6,IDLE,Good
2025-11-12 17:29:30,End of Day,3,524.4,5.35,20.4,41.8,2.1,0.4,IDLE,Good
2025-11-12 17:31:12,End of Day,6,524.0,5.43,20.4,41.8,2.1,0.2,IDLE,Good
2025-11-12 17:32:54,End of Day,4,519.5,5.11,20.4,41.8,2.6,0.0,IDLE,Good
2025-11-12 17:34:36,End of Day,9,531.1,5.81,20.4,41.9,2.8,0.0,IDLE,Good
2025-11-12 17:36:18,End of Day,2,528.4,5.76,20.4,41.8,3.1,0.1,IDLE,Good
2025-11-12 17:38:00,End of Day,0,514.8,6.26,20.4,41.7,3.5,0.0,IDLE,Good
2025-11-12 17:39:42,End of Day,0,499.2,5.94,20.4,41.6,3.6,0.0,IDLE,Good
2025-11-12 17:41:24,End of Day,0,482.8,5.68,20.4,41.5,3.7,0.0,IDLE,Good
2025-11-12 17:43:06,End of Day,1,472.5,5.26,20.4,41.5,3.8,0.0,IDLE,Good
2025-11-12 17:44:48,End of Day,5,474.0,5.29,20.4,41.5,4.0,0.2,IDLE,Good
2025-11-12 17:46:30,End of Day,9,500.0,4.81,20.4,41.6,4.0,0.2,IDLE,Good
2025-11-12 17:48:12,End of Day,9,508.2,5.02,20.4,41.7,4.0,0.4,IDLE,Good
2025-11-12 17:49:54,End of Day,3,510.7,4.86,20.4,41.7,3.9,0.4,IDLE,Good
2025-11-12 17:51:36,End of Day,7,507.2,4.9,20.4,41.8,4.0,1.0,IDLE,Good
2025-11-12 17:53:18,End of Day,9,522.1,5.58,20.4,41.9,3.7,0.8,IDLE,Good
2025-11-12 17:55:00,End of Day,8,528.2,5.65,20.4,41.9,3.6,1.2,IDLE,Good
2025-11-12 17:56:42,End of Day,3,516.9,5.55,20.4,41.9,3.3,1.3,IDLE,Good
2025-11-12 17:58:24,End of Day,8,523.0,5.63,20.4,42.0,3.2,1.5,IDLE,Good
2025-11-12 18:00:06,End of Day,1,514.0,5.82,20.4,41.9,3.0,1.9,IDLE,Good
2025-11-12 18:01:48,End of Day,0,509.6,5.8,20.4,41.8,2.6,2.1,IDLE,Good
2025-11-12 18:03:30,End of Day,1,500.2,5.99,20.4,41.7,2.3,2.4,IDLE,Good
2025-11-12 18:05:12,End of Day,5,499.7,5.74,20.4,41.7,2.1,2.6,IDLE,Good
2025-11-12 18:06:54,End of Day,8,512.6,5.91,20.4,41.8,1.5,2.8,IDLE,Good
2025-11-12 18:08:36,End of Day,3,495.9,6.07,20.4,41.7,1.4,3.0,IDLE,Good
2025-11-12 18:10:18,End of Day,9,501.9,6.5,20.4,41.8,1.0,3.3,IDLE,Good
2025-11-12 18:12:00,End of Day,6,507.0,7.0,20.4,41.9,0.9,3.5,IDLE,Good
2025-11-12 18:13:42,End of Day,8,510.2,6.82,20.4,42.0,0.6,3.5,IDLE,Good
2025-11-12 18:15:24,End of Day,8,516.9,6.92,20.4,42.1,0.5,3.7,IDLE,Good
2025-11-12 18:17:06,End of Day,3,499.7,6.76,20.4,42.1,0.3,4.0,IDLE,Good
2025-11-12 18:18:48,End of Day,3,505.9,6.59,20.4,42.0,0.1,3.8,IDLE,Good
2025-11-12 18:20:30,End of Day,0,489.6,6.35,20.4,41.9,0.0,4.0,IDLE,Good
2025-11-12 18:22:12,End of Day,9,494.2,6.52,20.4,41.9,0.1,3.9,IDLE,Good
2025-11-12 18:23:54,End of Day,6,491.1,6.15,20.4,41.9,0.0,3.9,IDLE,Good
2025-11-12 18:25:36,End of Day,4,487.5,6.02,20.4,41.9,0.0,4.0,IDLE,Good
2025-11-12 18:27:18,End of Day,1,469.8,5.9,20.4,41.8,0.3,3.8,IDLE,Good
2025-11-12 18:29:00,End of Day,7,481.8,6.13,20.4,41.8,0.2,4.0,IDLE,Good
2025-11-12 18:30:42,End of Day,1,469.0,6.18,20.4,41.8,0.5,3.7,IDLE,Good
2025-11-12 18:32:24,End of Day,8,477.3,5.67,20.4,41.8,0.8,3.6,IDLE,Good
2025-11-12 18:34:06,End of Day,9,465.8,5.95,20.4,42.0,0.9,3.6,IDLE,Good
2025-11-12 18:35:48,End of Day,5,446.0,6.19,20.4,42.0,1.0,3.2,IDLE,Good
2025-11-12 18:37:30,End of Day,2,446.1,6.4,20.4,42.0,1.2,3.0,IDLE,Good
2025-11-12 18:39:12,End of Day,0,457.0,5.96,20.4,42.0,1.6,2.8,IDLE,Good
2025-11-12 18:40:54,End of Day,2,463.2,5.85,20.4,42.0,2.0,2.6,IDLE,Good
2025-11-12 18:42:36,End of Day,9,472.1,6.43,20.4,42.0,2.2,2.4,IDLE,Good
2025-11-12 18:44:18,End of Day,2,473.9,6.34,20.4,42.1,2.7,2.0,IDLE,Good
2025-11-12 18:46:00,End of Day,4,451.1,6.19,20.4,42.1,2.8,1.9,IDLE,Good
2025-11-12 18:47:42,End of Day,8,463.2,6.77,20.4,42.1,3.2,1.7,IDLE,Good
2025-11-12 18:49:24,End of Day,9,477.2,6.92,20.4,42.2,3.3,1.5,IDLE,Good
2025-11-12 18:51:06,End of Day,1,480.1,6.44,20.4,42.1,3.5,1.2,IDLE,Good
2025-11-12 18:52:48,End of Day,0,454.6,6.48,20.4,42.0,3.7,1.0,IDLE,Good
2025-11-12 18:54:30,End of Day,5,474.4,6.35,20.4,42.0,3.7,0.8,IDLE,Good
2025-11-12 18:56:12,End of Day,3,467.8,6.21,20.4,42.0,3.8,0.7,IDLE,Good
2025-11-12 18:57:54,End of Day,9,493.9,6.25,20.4,42.1,3.9,0.4,IDLE,Good
2025-11-12 18:59:36,End of Day,3,489.7,6.65,20.4,42.1,4.0,0.5,IDLE,Good
2025-11-12 19:01:18,End of Day,1,472.7,6.99,20.4,42.0,4.0,0.3,IDLE,Good
2025-11-12 19:03:00,End of Day,1,464.3,6.93,20.4,42.0,3.8,0.2,IDLE,Good
2025-11-12 19:04:42,End of Day,1,464.2,6.55,20.4,41.9,3.6,0.1,IDLE,Good
2025-11-12 19:06:24,End of Day,5,473.2,7.09,20.4,41.9,3.4,0.0,IDLE,Good
2025-11-12 19:08:06,End of Day,7,492.0,6.9,20.4,42.0,3.5,0.0,IDLE,Good
2025-11-12 19:09:48,End of Day,3,495.6,6.48,20.4,41.9,3.2,0.1,IDLE,Good
2025-11-12 19:11:30,End of Day,1,469.3,6.35,20.3,41.8,2.8,0.0,IDLE,Good
2025-11-12 19:13:12,End of Day,2,467.7,6.57,20.3,41.7,2.5,0.1,IDLE,Good
2025-11-12 19:14:54,End of Day,0,468.6,6.37,20.3,41.6,2.4,0.2,IDLE,Good
2025-11-12 19:16:36,End of Day,1,479.9,6.62,20.3,41.6,2.0,0.3,IDLE,Good
2025-11-12 19:18:18,End of Day,6,487.3,6.56,20.3,41.7,1.7,0.5,IDLE,Good
2025-11-12 19:20:00,End of Day,7,483.8,5.96,20.3,41.8,1.6,0.7,IDLE,Good
2025-11-12 19:21:42,End of Day,9,498.6,6.86,20.3,41.9,1.1,1.0,IDLE,Good
2025-11-12 19:23:24,End of Day,5,486.3,6.75,20.3,41.9,0.9,1.1,IDLE,Good
2025-11-12 19:25:06,End of Day,0,473.1,5.89,20.3,41.8,0.8,1.4,IDLE,Good
2025-11-12 19:26:48,End of Day,4,475.6,6.2,20.3,41.8,0.4,1.4,IDLE,Good
2025-11-12 19:28:30,End of Day,7,485.4,5.75,20.3,41.8,0.3,1.9,IDLE,Good
2025-11-12 19:30:12,End of Day,2,480.2,5.44,20.3,41.8,0.1,2.0,IDLE,Good
2025-11-12 19:31:54,End of Day,5,486.9,5.42,20.3,41.7,0.1,2.3,IDLE,Good
2025-11-12 19:33:36,End of Day,4,487.7,5.72,20.3,41.7,0.0,2.6,IDLE,Good
2025-11-12 19:35:18,End of Day,5,490.8,5.92,20.3,41.7,0.1,2.6,IDLE,Good
2025-11-12 19:37:00,End of Day,1,489.8,6.03,20.3,41.6,0.3,3.0,IDLE,Good
2025-11-12 19:38:42,End of Day,1,465.6,5.43,20.3,41.6,0.1,3.2,IDLE,Good
2025-11-12 19:40:24,End of Day,7,473.0,5.63,20.3,41.7,0.2,3.5,IDLE,Good
2025-11-12 19:42:06,End of Day,0,469.6,5.5,20.3,41.7,0.4,3.5,IDLE,Good
2025-11-12 19:43:48,End of Day,2,461.8,5.65,20.3,41.6,0.7,3.8,IDLE,Good
2025-11-12 19:45:30,End of Day,4,450.1,5.88,20.3,41.6,0.9,3.6,IDLE,Good
2025-11-12 19:47:12,End of Day,0,438.9,5.81,20.3,41.5,1.0,4.0,IDLE,Good
2025-11-12 19:48:54,End of Day,4,441.9,6.09,20.3,41.5,1.4,4.0,IDLE,Good
2025-11-12 19:50:36,End of Day,8,452.6,6.17,20.3,41.6,1.7,3.9,IDLE,Good
2025-11-12 19:52:18,End of Day,8,467.5,5.97,20.3,41.7,2.1,4.0,IDLE,Good
2025-11-12 19:54:00,End of Day,7,490.3,5.76,20.3,41.8,2.4,4.0,IDLE,Good
2025-11-12 19:55:42,End of Day,1,494.1,5.47,20.3,41.7,2.7,3.9,IDLE,Good
2025-11-12 19:57:24,End of Day,2,498.6,5.21,20.3,41.6,2.8,3.8,IDLE,Good
2025-11-12 19:59:06,End of Day,6,498.0,4.88,20.3,41.6,3.2,3.8,IDLE,Good
2025-11-12 20:00:48,End of Day,0,491.0,5.38,20.3,41.5,3.4,3.7,IDLE,Good
2025-11-12 20:02:30,End of Day,9,489.4,5.32,20.3,41.7,3.7,3.6,IDLE,Good
2025-11-12 20:04:12,End of Day,6,495.3,5.69,20.3,41.7,3.8,3.1,IDLE,Good
2025-11-12 20:05:54,End of Day,2,493.6,5.55,20.3,41.7,3.9,3.1,IDLE,Good
2025-11-12 20:07:36,End of Day,7,495.0,5.83,20.3,41.8,4.0,2.9,IDLE,Good
2025-11-12 20:09:18,End of Day,4,494.7,5.56,20.3,41.8,3.9,2.7,IDLE,Good
2025-11-12 20:11:00,End of Day,9,513.2,5.85,20.3,41.9,4.0,2.6,IDLE,Good
2025-11-12 20:12:42,End of Day,3,493.5,6.19,20.3,41.8,3.8,2.3,IDLE,Good
2025-11-12 20:14:24,End of Day,9,490.6,6.53,20.3,41.9,3.9,2.0,IDLE,Good
2025-11-12 20:16:06,End of Day,2,499.9,6.47,20.3,41.9,3.8,1.6,IDLE,Good
2025-11-12 20:17:48,End of Day,4,489.6,6.5,20.3,41.8,3.8,1.4,IDLE,Good
2025-11-12 20:19:30,End of Day,5,483.3,6.45,20.3,41.8,3.3,1.2,IDLE,Good
2025-11-12 20:21:12,End of Day,2,478.8,5.94,20.3,41.7,3.1,0.9,IDLE,Good
2025-11-12 20:22:54,End of Day,3,479.2,5.77,20.2,41.7,2.8,0.6,IDLE,Good
2025-11-12 20:24:36,End of Day,2,484.4,6.02,20.2,41.6,2.5,0.8,IDLE,Good
2025-11-12 20:26:18,End of Day,3,482.8,6.47,20.2,41.5,2.2,0.5,IDLE,Good
2025-11-12 20:28:00,End of Day,5,504.5,6.42,20.2,41.6,1.9,0.5,IDLE,Good
2025-11-12 20:29:42,End of Day,0,496.4,6.3,20.2,41.6,1.6,0.1,IDLE,Good
2025-11-12 20:31:24,End of Day,1,483.0,6.49,20.2,41.6,1.4,0.0,IDLE,Good
2025-11-12 20:33:06,End of Day,8,490.3,7.2,20.2,41.7,1.1,0.0,IDLE,Good
2025-11-12 20:34:48,End of Day,5,495.2,7.38,20.2,41.7,0.8,0.1,IDLE,Good
2025-11-12 20:36:30,End of Day,7,486.2,7.08,20.2,41.8,0.6,0.0,IDLE,Good
2025-11-12 20:38:12,End of Day,0,480.9,7.61,20.2,41.7,0.3,0.1,IDLE,Good
2025-11-12 20:39:54,End of Day,1,478.7,8.17,20.2,41.6,0.3,0.1,IDLE,Good
2025-11-12 20:41:36,End of Day,6,471.6,8.32,20.2,41.7,0.1,0.1,IDLE,Good
2025-11-12 20:43:18,End of Day,9,478.1,8.03,20.2,41.8,0.1,0.1,IDLE,Good
2025-11-12 20:45:00,End of Day,1,487.1,7.65,20.2,41.7,0.1,0.2,IDLE,Good
2025-11-12 20:46:42,End of Day,6,495.5,7.49,20.2,41.7,0.0,0.6,IDLE,Good
2025-11-12 20:48:24,End of Day,6,516.0,7.5,20.2,41.6,0.0,0.6,IDLE,Good
2025-11-12 20:50:06,End of Day,6,528.7,7.26,20.2,41.6,0.2,0.9,IDLE,Good
2025-11-12 20:51:48,End of Day,4,526.8,7.55,20.2,41.6,0.5,1.1,IDLE,Good
2025-11-12 20:53:30,End of Day,4,530.3,7.13,20.2,41.6,0.6,1.2,IDLE,Good
2025-11-12 20:55:12,End of Day,3,518.4,6.94,20.2,41.6,0.7,1.6,IDLE,Good
2025-11-12 20:56:54,End of Day,5,523.5,7.04,20.2,41.5,1.0,1.6,IDLE,Good
2025-11-12 20:58:36,End of Day,6,524.7,7.01,20.2,41.6,1.2,1.9,IDLE,Good
2025-11-12 21:00:18,End of Day,7,537.3,7.18,20.2,41.7,1.4,2.3,IDLE,Good
2025-11-12 21:02:00,End of Day,9,554.2,6.9,20.2,41.7,1.9,2.4,IDLE,Good
2025-11-12 21:03:42,End of Day,7,546.4,6.64,20.2,41.6,1.9,2.6,IDLE,Good
2025-11-12 21:05:24,End of Day,0,535.9,6.57,20.2,41.6,2.4,2.9,IDLE,Good
2025-11-12 21:07:06,End of Day,1,521.9,6.21,20.2,41.5,2.5,3.1,IDLE,Good
2025-11-12 21:08:48,End of Day,0,505.3,5.7,20.2,41.4,3.0,3.4,IDLE,Good
2025-11-12 21:10:30,End of Day,8,504.9,6.16,20.2,41.5,3.2,3.4,IDLE,Good
2025-11-12 21:12:12,End of Day,3,496.5,5.91,20.2,41.5,3.5,3.5,IDLE,Good
2025-11-12 21:13:54,End of Day,1,484.9,5.57,20.2,41.4,3.5,3.7,IDLE,Good
2025-11-12 21:15:36,End of Day,6,505.5,5.63,20.2,41.4,3.7,3.9,IDLE,Good
2025-11-12 21:17:18,End of Day,0,498.7,6.13,20.2,41.3,4.0,3.8,IDLE,Good
2025-11-12 21:19:00,End of Day,0,497.2,6.05,20.2,41.3,3.9,4.0,IDLE,Good
2025-11-12 21:20:42,End of Day,2,494.4,5.6,20.2,41.3,4.0,4.0,IDLE,Good
2025-11-12 21:22:24,End of Day,0,476.8,5.31,20.2,41.3,3.9,4.0,IDLE,Good
2025-11-12 21:24:06,End of Day,8,485.0,5.86,20.2,41.4,4.0,4.0,IDLE,Good
2025-11-12 21:25:48,End of Day,8,506.3,6.01,20.2,41.5,3.7,4.0,IDLE,Good
2025-11-12 21:27:30,End of Day,5,509.0,5.81,20.2,41.7,3.7,3.5,IDLE,Good
2025-11-12 21:29:12,End of Day,0,484.8,5.81,20.2,41.6,3.4,3.6,IDLE,Good
2025-11-12 21:30:54,End of Day,2,489.1,5.68,20.2,41.5,3.4,3.5,IDLE,Good
2025-11-12 21:32:36,End of Day,8,498.8,6.26,20.2,41.6,3.1,3.4,IDLE,Good
2025-11-12 21:34:18,End of Day,4,493.0,6.68,20.2,41.6,2.7,3.2,IDLE,Good
2025-11-12 21:36:00,End of Day,1,469.1,6.37,20.2,41.6,2.5,3.0,IDLE,Good
2025-11-12 21:37:42,End of Day,8,476.0,6.84,20.2,41.7,2.2,2.9,IDLE,Good
2025-11-12 21:39:24,End of Day,0,473.0,6.74,20.2,41.7,1.9,2.5,IDLE,Good
2025-11-12 21:41:06,End of Day,7,483.1,7.37,20.2,41.8,1.7,2.3,IDLE,Good
2025-11-12 21:42:48,End of Day,2,470.9,7.06,20.2,41.7,1.2,2.1,IDLE,Good
2025-11-12 21:44:30,End of Day,7,490.5,7.48,20.2,41.7,1.1,1.8,IDLE,Good
2025-11-12 21:46:12,End of Day,4,495.5,7.2,20.2,41.7,1.0,1.9,IDLE,Good
2025-11-12 21:47:54,End of Day,7,509.0,7.89,20.2,41.7,0.5,1.5,IDLE,Good
2025-11-12 21:49:36,End of Day,2,503.7,8.14,20.2,41.7,0.5,1.3,IDLE,Good
2025-11-12 21:51:18,End of Day,8,509.9,7.59,20.2,41.8,0.3,0.9,IDLE,Good
2025-11-12 21:53:00,End of Day,0,502.5,7.3,20.2,41.7,0.0,0.8,IDLE,Good
2025-11-12 21:54:42,End of Day,3,504.8,7.25,20.2,41.7,0.0,0.5,IDLE,Good
2025-11-12 21:56:24,End of Day,3,502.7,7.23,20.2,41.7,0.0,0.2,IDLE,Good
2025-11-12 21:58:06,End of Day,2,504.3,7.07,20.2,41.7,0.0,0.4,IDLE,Good
2025-11-12 21:59:48,End of Day,2,499.8,6.79,20.2,41.7,0.0,0.1,IDLE,Good
2025-11-12 22:01:30,End of Day,4,501.6,6.26,20.2,41.8,0.0,0.0,IDLE,Good
2025-11-12 22:03:12,End of Day,1,474.9,6.66,20.2,41.6,0.2,0.0,IDLE,Good
2025-11-12 22:04:54,End of Day,0,454.7,6.26,20.2,41.5,0.5,0.1,IDLE,Good
2025-11-12 22:06:36,End of Day,6,471.8,6.13,20.2,41.5,0.7,0.0,IDLE,Good
2025-11-12 22:08:18,End of Day,9,488.6,5.85,20.2,41.6,1.1,0.0,IDLE,Good
